PORT1-WCDMA-B1-DC, qet5100_v1p0_TECH_TX_ENABLE_PORT1_WCDMA_BAND1_4_10_2_3_7_9_24_25_BW_DC.csv
PORT1-WCDMA-B1-SC, qet5100_v1p0_TECH_TX_ENABLE_PORT1_WCDMA_BAND1_4_10_2_3_7_9_24_25_BW_SC.csv
PORT1-WCDMA-B10-DC, qet5100_v1p0_TECH_TX_ENABLE_PORT1_WCDMA_BAND1_4_10_2_3_7_9_24_25_BW_DC.csv
PORT1-WCDMA-B10-SC, qet5100_v1p0_TECH_TX_ENABLE_PORT1_WCDMA_BAND1_4_10_2_3_7_9_24_25_BW_SC.csv
PORT1-WCDMA-B2-DC, qet5100_v1p0_TECH_TX_ENABLE_PORT1_WCDMA_BAND1_4_10_2_3_7_9_24_25_BW_DC.csv
PORT1-WCDMA-B2-SC, qet5100_v1p0_TECH_TX_ENABLE_PORT1_WCDMA_BAND1_4_10_2_3_7_9_24_25_BW_SC.csv
PORT1-WCDMA-B24-DC, qet5100_v1p0_TECH_TX_ENABLE_PORT1_WCDMA_BAND1_4_10_2_3_7_9_24_25_BW_DC.csv
PORT1-WCDMA-B24-SC, qet5100_v1p0_TECH_TX_ENABLE_PORT1_WCDMA_BAND1_4_10_2_3_7_9_24_25_BW_SC.csv
PORT1-WCDMA-B25-DC, qet5100_v1p0_TECH_TX_ENABLE_PORT1_WCDMA_BAND1_4_10_2_3_7_9_24_25_BW_DC.csv
PORT1-WCDMA-B25-SC, qet5100_v1p0_TECH_TX_ENABLE_PORT1_WCDMA_BAND1_4_10_2_3_7_9_24_25_BW_SC.csv
PORT1-WCDMA-B3-DC, qet5100_v1p0_TECH_TX_ENABLE_PORT1_WCDMA_BAND1_4_10_2_3_7_9_24_25_BW_DC.csv
PORT1-WCDMA-B3-SC, qet5100_v1p0_TECH_TX_ENABLE_PORT1_WCDMA_BAND1_4_10_2_3_7_9_24_25_BW_SC.csv
PORT1-WCDMA-B4-DC, qet5100_v1p0_TECH_TX_ENABLE_PORT1_WCDMA_BAND1_4_10_2_3_7_9_24_25_BW_DC.csv
PORT1-WCDMA-B4-SC, qet5100_v1p0_TECH_TX_ENABLE_PORT1_WCDMA_BAND1_4_10_2_3_7_9_24_25_BW_SC.csv
PORT1-WCDMA-B7-DC, qet5100_v1p0_TECH_TX_ENABLE_PORT1_WCDMA_BAND1_4_10_2_3_7_9_24_25_BW_DC.csv
PORT1-WCDMA-B7-SC, qet5100_v1p0_TECH_TX_ENABLE_PORT1_WCDMA_BAND1_4_10_2_3_7_9_24_25_BW_SC.csv
PORT1-WCDMA-B9-DC, qet5100_v1p0_TECH_TX_ENABLE_PORT1_WCDMA_BAND1_4_10_2_3_7_9_24_25_BW_DC.csv
PORT1-WCDMA-B9-SC, qet5100_v1p0_TECH_TX_ENABLE_PORT1_WCDMA_BAND1_4_10_2_3_7_9_24_25_BW_SC.csv
PORT10-LTE-B2-10M, qet5100_v1p0_TECH_TX_ENABLE_PORT10_LTEFDD_BAND2_3_7_9_24_25_BW_10MHZ.csv
PORT10-LTE-B2-15M, qet5100_v1p0_TECH_TX_ENABLE_PORT10_LTEFDD_BAND2_3_7_9_24_25_BW_15MHZ.csv
PORT10-LTE-B2-20M, qet5100_v1p0_TECH_TX_ENABLE_PORT10_LTEFDD_BAND2_3_7_9_24_25_BW_20MHZ.csv
PORT10-LTE-B2-40M, qet5100_v1p0_TECH_TX_ENABLE_PORT10_LTEFDD_BAND2_3_7_9_24_25_BW_40MHZ.csv
PORT10-LTE-B2-5M, qet5100_v1p0_TECH_TX_ENABLE_PORT10_LTEFDD_BAND2_3_7_9_24_25_BW_5MHZ.csv
PORT10-LTE-B2-60M, qet5100_v1p0_TECH_TX_ENABLE_PORT10_LTEFDD_BAND2_3_7_9_24_25_BW_60MHZ.csv
PORT10-LTE-B24-10M, qet5100_v1p0_TECH_TX_ENABLE_PORT10_LTEFDD_BAND2_3_7_9_24_25_BW_10MHZ.csv
PORT10-LTE-B24-15M, qet5100_v1p0_TECH_TX_ENABLE_PORT10_LTEFDD_BAND2_3_7_9_24_25_BW_15MHZ.csv
PORT10-LTE-B24-20M, qet5100_v1p0_TECH_TX_ENABLE_PORT10_LTEFDD_BAND2_3_7_9_24_25_BW_20MHZ.csv
PORT10-LTE-B24-40M, qet5100_v1p0_TECH_TX_ENABLE_PORT10_LTEFDD_BAND2_3_7_9_24_25_BW_40MHZ.csv
PORT10-LTE-B24-5M, qet5100_v1p0_TECH_TX_ENABLE_PORT10_LTEFDD_BAND2_3_7_9_24_25_BW_5MHZ.csv
PORT10-LTE-B24-60M, qet5100_v1p0_TECH_TX_ENABLE_PORT10_LTEFDD_BAND2_3_7_9_24_25_BW_60MHZ.csv
PORT10-LTE-B25-10M, qet5100_v1p0_TECH_TX_ENABLE_PORT10_LTEFDD_BAND2_3_7_9_24_25_BW_10MHZ.csv
PORT10-LTE-B25-15M, qet5100_v1p0_TECH_TX_ENABLE_PORT10_LTEFDD_BAND2_3_7_9_24_25_BW_15MHZ.csv
PORT10-LTE-B25-20M, qet5100_v1p0_TECH_TX_ENABLE_PORT10_LTEFDD_BAND2_3_7_9_24_25_BW_20MHZ.csv
PORT10-LTE-B25-40M, qet5100_v1p0_TECH_TX_ENABLE_PORT10_LTEFDD_BAND2_3_7_9_24_25_BW_40MHZ.csv
PORT10-LTE-B25-5M, qet5100_v1p0_TECH_TX_ENABLE_PORT10_LTEFDD_BAND2_3_7_9_24_25_BW_5MHZ.csv
PORT10-LTE-B25-60M, qet5100_v1p0_TECH_TX_ENABLE_PORT10_LTEFDD_BAND2_3_7_9_24_25_BW_60MHZ.csv
PORT10-LTE-B3-10M, qet5100_v1p0_TECH_TX_ENABLE_PORT10_LTEFDD_BAND2_3_7_9_24_25_BW_10MHZ.csv
PORT10-LTE-B3-15M, qet5100_v1p0_TECH_TX_ENABLE_PORT10_LTEFDD_BAND2_3_7_9_24_25_BW_15MHZ.csv
PORT10-LTE-B3-20M, qet5100_v1p0_TECH_TX_ENABLE_PORT10_LTEFDD_BAND2_3_7_9_24_25_BW_20MHZ.csv
PORT10-LTE-B3-40M, qet5100_v1p0_TECH_TX_ENABLE_PORT10_LTEFDD_BAND2_3_7_9_24_25_BW_40MHZ.csv
PORT10-LTE-B3-5M, qet5100_v1p0_TECH_TX_ENABLE_PORT10_LTEFDD_BAND2_3_7_9_24_25_BW_5MHZ.csv
PORT10-LTE-B3-60M, qet5100_v1p0_TECH_TX_ENABLE_PORT10_LTEFDD_BAND2_3_7_9_24_25_BW_60MHZ.csv
PORT10-LTE-B7-10M, qet5100_v1p0_TECH_TX_ENABLE_PORT10_LTEFDD_BAND2_3_7_9_24_25_BW_10MHZ.csv
PORT10-LTE-B7-15M, qet5100_v1p0_TECH_TX_ENABLE_PORT10_LTEFDD_BAND2_3_7_9_24_25_BW_15MHZ.csv
PORT10-LTE-B7-20M, qet5100_v1p0_TECH_TX_ENABLE_PORT10_LTEFDD_BAND2_3_7_9_24_25_BW_20MHZ.csv
PORT10-LTE-B7-40M, qet5100_v1p0_TECH_TX_ENABLE_PORT10_LTEFDD_BAND2_3_7_9_24_25_BW_40MHZ.csv
PORT10-LTE-B7-5M, qet5100_v1p0_TECH_TX_ENABLE_PORT10_LTEFDD_BAND2_3_7_9_24_25_BW_5MHZ.csv
PORT10-LTE-B7-60M, qet5100_v1p0_TECH_TX_ENABLE_PORT10_LTEFDD_BAND2_3_7_9_24_25_BW_60MHZ.csv
PORT10-LTE-B9-10M, qet5100_v1p0_TECH_TX_ENABLE_PORT10_LTEFDD_BAND2_3_7_9_24_25_BW_10MHZ.csv
PORT10-LTE-B9-15M, qet5100_v1p0_TECH_TX_ENABLE_PORT10_LTEFDD_BAND2_3_7_9_24_25_BW_15MHZ.csv
PORT10-LTE-B9-20M, qet5100_v1p0_TECH_TX_ENABLE_PORT10_LTEFDD_BAND2_3_7_9_24_25_BW_20MHZ.csv
PORT10-LTE-B9-40M, qet5100_v1p0_TECH_TX_ENABLE_PORT10_LTEFDD_BAND2_3_7_9_24_25_BW_40MHZ.csv
PORT10-LTE-B9-5M, qet5100_v1p0_TECH_TX_ENABLE_PORT10_LTEFDD_BAND2_3_7_9_24_25_BW_5MHZ.csv
PORT10-LTE-B9-60M, qet5100_v1p0_TECH_TX_ENABLE_PORT10_LTEFDD_BAND2_3_7_9_24_25_BW_60MHZ.csv
PORT11-LTE-B11-10M, qet5100_v1p0_TECH_TX_ENABLE_PORT11_LTEFDD_BAND5_8_11_18_19_20_21_26_28_30_BW_10MHZ.csv
PORT11-LTE-B11-15M, qet5100_v1p0_TECH_TX_ENABLE_PORT11_LTEFDD_BAND5_8_11_18_19_20_21_26_28_30_BW_15MHZ.csv
PORT11-LTE-B11-20M, qet5100_v1p0_TECH_TX_ENABLE_PORT11_LTEFDD_BAND5_8_11_18_19_20_21_26_28_30_BW_20MHZ.csv
PORT11-LTE-B11-40M, qet5100_v1p0_TECH_TX_ENABLE_PORT11_LTEFDD_BAND5_8_11_18_19_20_21_26_28_30_BW_40MHZ.csv
PORT11-LTE-B11-5M, qet5100_v1p0_TECH_TX_ENABLE_PORT11_LTEFDD_BAND5_8_11_18_19_20_21_26_28_30_BW_5MHZ.csv
PORT11-LTE-B11-60M, qet5100_v1p0_TECH_TX_ENABLE_PORT11_LTEFDD_BAND5_8_11_18_19_20_21_26_28_30_BW_60MHZ.csv
PORT11-LTE-B18-10M, qet5100_v1p0_TECH_TX_ENABLE_PORT11_LTEFDD_BAND5_8_11_18_19_20_21_26_28_30_BW_10MHZ.csv
PORT11-LTE-B18-15M, qet5100_v1p0_TECH_TX_ENABLE_PORT11_LTEFDD_BAND5_8_11_18_19_20_21_26_28_30_BW_15MHZ.csv
PORT11-LTE-B18-20M, qet5100_v1p0_TECH_TX_ENABLE_PORT11_LTEFDD_BAND5_8_11_18_19_20_21_26_28_30_BW_20MHZ.csv
PORT11-LTE-B18-40M, qet5100_v1p0_TECH_TX_ENABLE_PORT11_LTEFDD_BAND5_8_11_18_19_20_21_26_28_30_BW_40MHZ.csv
PORT11-LTE-B18-5M, qet5100_v1p0_TECH_TX_ENABLE_PORT11_LTEFDD_BAND5_8_11_18_19_20_21_26_28_30_BW_5MHZ.csv
PORT11-LTE-B18-60M, qet5100_v1p0_TECH_TX_ENABLE_PORT11_LTEFDD_BAND5_8_11_18_19_20_21_26_28_30_BW_60MHZ.csv
PORT11-LTE-B19-10M, qet5100_v1p0_TECH_TX_ENABLE_PORT11_LTEFDD_BAND5_8_11_18_19_20_21_26_28_30_BW_10MHZ.csv
PORT11-LTE-B19-15M, qet5100_v1p0_TECH_TX_ENABLE_PORT11_LTEFDD_BAND5_8_11_18_19_20_21_26_28_30_BW_15MHZ.csv
PORT11-LTE-B19-20M, qet5100_v1p0_TECH_TX_ENABLE_PORT11_LTEFDD_BAND5_8_11_18_19_20_21_26_28_30_BW_20MHZ.csv
PORT11-LTE-B19-40M, qet5100_v1p0_TECH_TX_ENABLE_PORT11_LTEFDD_BAND5_8_11_18_19_20_21_26_28_30_BW_40MHZ.csv
PORT11-LTE-B19-5M, qet5100_v1p0_TECH_TX_ENABLE_PORT11_LTEFDD_BAND5_8_11_18_19_20_21_26_28_30_BW_5MHZ.csv
PORT11-LTE-B19-60M, qet5100_v1p0_TECH_TX_ENABLE_PORT11_LTEFDD_BAND5_8_11_18_19_20_21_26_28_30_BW_60MHZ.csv
PORT11-LTE-B20-10M, qet5100_v1p0_TECH_TX_ENABLE_PORT11_LTEFDD_BAND5_8_11_18_19_20_21_26_28_30_BW_10MHZ.csv
PORT11-LTE-B20-15M, qet5100_v1p0_TECH_TX_ENABLE_PORT11_LTEFDD_BAND5_8_11_18_19_20_21_26_28_30_BW_15MHZ.csv
PORT11-LTE-B20-20M, qet5100_v1p0_TECH_TX_ENABLE_PORT11_LTEFDD_BAND5_8_11_18_19_20_21_26_28_30_BW_20MHZ.csv
PORT11-LTE-B20-40M, qet5100_v1p0_TECH_TX_ENABLE_PORT11_LTEFDD_BAND5_8_11_18_19_20_21_26_28_30_BW_40MHZ.csv
PORT11-LTE-B20-5M, qet5100_v1p0_TECH_TX_ENABLE_PORT11_LTEFDD_BAND5_8_11_18_19_20_21_26_28_30_BW_5MHZ.csv
PORT11-LTE-B20-60M, qet5100_v1p0_TECH_TX_ENABLE_PORT11_LTEFDD_BAND5_8_11_18_19_20_21_26_28_30_BW_60MHZ.csv
PORT11-LTE-B21-10M, qet5100_v1p0_TECH_TX_ENABLE_PORT11_LTEFDD_BAND5_8_11_18_19_20_21_26_28_30_BW_10MHZ.csv
PORT11-LTE-B21-15M, qet5100_v1p0_TECH_TX_ENABLE_PORT11_LTEFDD_BAND5_8_11_18_19_20_21_26_28_30_BW_15MHZ.csv
PORT11-LTE-B21-20M, qet5100_v1p0_TECH_TX_ENABLE_PORT11_LTEFDD_BAND5_8_11_18_19_20_21_26_28_30_BW_20MHZ.csv
PORT11-LTE-B21-40M, qet5100_v1p0_TECH_TX_ENABLE_PORT11_LTEFDD_BAND5_8_11_18_19_20_21_26_28_30_BW_40MHZ.csv
PORT11-LTE-B21-5M, qet5100_v1p0_TECH_TX_ENABLE_PORT11_LTEFDD_BAND5_8_11_18_19_20_21_26_28_30_BW_5MHZ.csv
PORT11-LTE-B21-60M, qet5100_v1p0_TECH_TX_ENABLE_PORT11_LTEFDD_BAND5_8_11_18_19_20_21_26_28_30_BW_60MHZ.csv
PORT11-LTE-B26-10M, qet5100_v1p0_TECH_TX_ENABLE_PORT11_LTEFDD_BAND5_8_11_18_19_20_21_26_28_30_BW_10MHZ.csv
PORT11-LTE-B26-15M, qet5100_v1p0_TECH_TX_ENABLE_PORT11_LTEFDD_BAND5_8_11_18_19_20_21_26_28_30_BW_15MHZ.csv
PORT11-LTE-B26-20M, qet5100_v1p0_TECH_TX_ENABLE_PORT11_LTEFDD_BAND5_8_11_18_19_20_21_26_28_30_BW_20MHZ.csv
PORT11-LTE-B26-40M, qet5100_v1p0_TECH_TX_ENABLE_PORT11_LTEFDD_BAND5_8_11_18_19_20_21_26_28_30_BW_40MHZ.csv
PORT11-LTE-B26-5M, qet5100_v1p0_TECH_TX_ENABLE_PORT11_LTEFDD_BAND5_8_11_18_19_20_21_26_28_30_BW_5MHZ.csv
PORT11-LTE-B26-60M, qet5100_v1p0_TECH_TX_ENABLE_PORT11_LTEFDD_BAND5_8_11_18_19_20_21_26_28_30_BW_60MHZ.csv
PORT11-LTE-B28-10M, qet5100_v1p0_TECH_TX_ENABLE_PORT11_LTEFDD_BAND5_8_11_18_19_20_21_26_28_30_BW_10MHZ.csv
PORT11-LTE-B28-15M, qet5100_v1p0_TECH_TX_ENABLE_PORT11_LTEFDD_BAND5_8_11_18_19_20_21_26_28_30_BW_15MHZ.csv
PORT11-LTE-B28-20M, qet5100_v1p0_TECH_TX_ENABLE_PORT11_LTEFDD_BAND5_8_11_18_19_20_21_26_28_30_BW_20MHZ.csv
PORT11-LTE-B28-40M, qet5100_v1p0_TECH_TX_ENABLE_PORT11_LTEFDD_BAND5_8_11_18_19_20_21_26_28_30_BW_40MHZ.csv
PORT11-LTE-B28-5M, qet5100_v1p0_TECH_TX_ENABLE_PORT11_LTEFDD_BAND5_8_11_18_19_20_21_26_28_30_BW_5MHZ.csv
PORT11-LTE-B28-60M, qet5100_v1p0_TECH_TX_ENABLE_PORT11_LTEFDD_BAND5_8_11_18_19_20_21_26_28_30_BW_60MHZ.csv
PORT11-LTE-B30-10M, qet5100_v1p0_TECH_TX_ENABLE_PORT11_LTEFDD_BAND5_8_11_18_19_20_21_26_28_30_BW_10MHZ.csv
PORT11-LTE-B30-15M, qet5100_v1p0_TECH_TX_ENABLE_PORT11_LTEFDD_BAND5_8_11_18_19_20_21_26_28_30_BW_15MHZ.csv
PORT11-LTE-B30-20M, qet5100_v1p0_TECH_TX_ENABLE_PORT11_LTEFDD_BAND5_8_11_18_19_20_21_26_28_30_BW_20MHZ.csv
PORT11-LTE-B30-40M, qet5100_v1p0_TECH_TX_ENABLE_PORT11_LTEFDD_BAND5_8_11_18_19_20_21_26_28_30_BW_40MHZ.csv
PORT11-LTE-B30-5M, qet5100_v1p0_TECH_TX_ENABLE_PORT11_LTEFDD_BAND5_8_11_18_19_20_21_26_28_30_BW_5MHZ.csv
PORT11-LTE-B30-60M, qet5100_v1p0_TECH_TX_ENABLE_PORT11_LTEFDD_BAND5_8_11_18_19_20_21_26_28_30_BW_60MHZ.csv
PORT11-LTE-B5-10M, qet5100_v1p0_TECH_TX_ENABLE_PORT11_LTEFDD_BAND5_8_11_18_19_20_21_26_28_30_BW_10MHZ.csv
PORT11-LTE-B5-15M, qet5100_v1p0_TECH_TX_ENABLE_PORT11_LTEFDD_BAND5_8_11_18_19_20_21_26_28_30_BW_15MHZ.csv
PORT11-LTE-B5-20M, qet5100_v1p0_TECH_TX_ENABLE_PORT11_LTEFDD_BAND5_8_11_18_19_20_21_26_28_30_BW_20MHZ.csv
PORT11-LTE-B5-40M, qet5100_v1p0_TECH_TX_ENABLE_PORT11_LTEFDD_BAND5_8_11_18_19_20_21_26_28_30_BW_40MHZ.csv
PORT11-LTE-B5-5M, qet5100_v1p0_TECH_TX_ENABLE_PORT11_LTEFDD_BAND5_8_11_18_19_20_21_26_28_30_BW_5MHZ.csv
PORT11-LTE-B5-60M, qet5100_v1p0_TECH_TX_ENABLE_PORT11_LTEFDD_BAND5_8_11_18_19_20_21_26_28_30_BW_60MHZ.csv
PORT11-LTE-B8-10M, qet5100_v1p0_TECH_TX_ENABLE_PORT11_LTEFDD_BAND5_8_11_18_19_20_21_26_28_30_BW_10MHZ.csv
PORT11-LTE-B8-15M, qet5100_v1p0_TECH_TX_ENABLE_PORT11_LTEFDD_BAND5_8_11_18_19_20_21_26_28_30_BW_15MHZ.csv
PORT11-LTE-B8-20M, qet5100_v1p0_TECH_TX_ENABLE_PORT11_LTEFDD_BAND5_8_11_18_19_20_21_26_28_30_BW_20MHZ.csv
PORT11-LTE-B8-40M, qet5100_v1p0_TECH_TX_ENABLE_PORT11_LTEFDD_BAND5_8_11_18_19_20_21_26_28_30_BW_40MHZ.csv
PORT11-LTE-B8-5M, qet5100_v1p0_TECH_TX_ENABLE_PORT11_LTEFDD_BAND5_8_11_18_19_20_21_26_28_30_BW_5MHZ.csv
PORT11-LTE-B8-60M, qet5100_v1p0_TECH_TX_ENABLE_PORT11_LTEFDD_BAND5_8_11_18_19_20_21_26_28_30_BW_60MHZ.csv
PORT12-LTE-B12-10M, qet5100_v1p0_TECH_TX_ENABLE_PORT12_LTEFDD_BAND12_13_14_17_BW_10MHZ.csv
PORT12-LTE-B12-15M, qet5100_v1p0_TECH_TX_ENABLE_PORT12_LTEFDD_BAND12_13_14_17_BW_15MHZ.csv
PORT12-LTE-B12-20M, qet5100_v1p0_TECH_TX_ENABLE_PORT12_LTEFDD_BAND12_13_14_17_BW_20MHZ.csv
PORT12-LTE-B12-40M, qet5100_v1p0_TECH_TX_ENABLE_PORT12_LTEFDD_BAND12_13_14_17_BW_40MHZ.csv
PORT12-LTE-B12-5M, qet5100_v1p0_TECH_TX_ENABLE_PORT12_LTEFDD_BAND12_13_14_17_BW_5MHZ.csv
PORT12-LTE-B12-60M, qet5100_v1p0_TECH_TX_ENABLE_PORT12_LTEFDD_BAND12_13_14_17_BW_60MHZ.csv
PORT12-LTE-B13-10M, qet5100_v1p0_TECH_TX_ENABLE_PORT12_LTEFDD_BAND12_13_14_17_BW_10MHZ.csv
PORT12-LTE-B13-15M, qet5100_v1p0_TECH_TX_ENABLE_PORT12_LTEFDD_BAND12_13_14_17_BW_15MHZ.csv
PORT12-LTE-B13-20M, qet5100_v1p0_TECH_TX_ENABLE_PORT12_LTEFDD_BAND12_13_14_17_BW_20MHZ.csv
PORT12-LTE-B13-40M, qet5100_v1p0_TECH_TX_ENABLE_PORT12_LTEFDD_BAND12_13_14_17_BW_40MHZ.csv
PORT12-LTE-B13-5M, qet5100_v1p0_TECH_TX_ENABLE_PORT12_LTEFDD_BAND12_13_14_17_BW_5MHZ.csv
PORT12-LTE-B13-60M, qet5100_v1p0_TECH_TX_ENABLE_PORT12_LTEFDD_BAND12_13_14_17_BW_60MHZ.csv
PORT12-LTE-B14-10M, qet5100_v1p0_TECH_TX_ENABLE_PORT12_LTEFDD_BAND12_13_14_17_BW_10MHZ.csv
PORT12-LTE-B14-15M, qet5100_v1p0_TECH_TX_ENABLE_PORT12_LTEFDD_BAND12_13_14_17_BW_15MHZ.csv
PORT12-LTE-B14-20M, qet5100_v1p0_TECH_TX_ENABLE_PORT12_LTEFDD_BAND12_13_14_17_BW_20MHZ.csv
PORT12-LTE-B14-40M, qet5100_v1p0_TECH_TX_ENABLE_PORT12_LTEFDD_BAND12_13_14_17_BW_40MHZ.csv
PORT12-LTE-B14-5M, qet5100_v1p0_TECH_TX_ENABLE_PORT12_LTEFDD_BAND12_13_14_17_BW_5MHZ.csv
PORT12-LTE-B14-60M, qet5100_v1p0_TECH_TX_ENABLE_PORT12_LTEFDD_BAND12_13_14_17_BW_60MHZ.csv
PORT12-LTE-B17-10M, qet5100_v1p0_TECH_TX_ENABLE_PORT12_LTEFDD_BAND12_13_14_17_BW_10MHZ.csv
PORT12-LTE-B17-15M, qet5100_v1p0_TECH_TX_ENABLE_PORT12_LTEFDD_BAND12_13_14_17_BW_15MHZ.csv
PORT12-LTE-B17-20M, qet5100_v1p0_TECH_TX_ENABLE_PORT12_LTEFDD_BAND12_13_14_17_BW_20MHZ.csv
PORT12-LTE-B17-40M, qet5100_v1p0_TECH_TX_ENABLE_PORT12_LTEFDD_BAND12_13_14_17_BW_40MHZ.csv
PORT12-LTE-B17-5M, qet5100_v1p0_TECH_TX_ENABLE_PORT12_LTEFDD_BAND12_13_14_17_BW_5MHZ.csv
PORT12-LTE-B17-60M, qet5100_v1p0_TECH_TX_ENABLE_PORT12_LTEFDD_BAND12_13_14_17_BW_60MHZ.csv
PORT2-WCDMA-B18-DC, qet5100_v1p0_TECH_TX_ENABLE_PORT2_WCDMA_BAND18_19_20_21_26_BW_DC.csv
PORT2-WCDMA-B18-SC, qet5100_v1p0_TECH_TX_ENABLE_PORT2_WCDMA_BAND18_19_20_21_26_BW_SC.csv
PORT2-WCDMA-B19-DC, qet5100_v1p0_TECH_TX_ENABLE_PORT2_WCDMA_BAND18_19_20_21_26_BW_DC.csv
PORT2-WCDMA-B19-SC, qet5100_v1p0_TECH_TX_ENABLE_PORT2_WCDMA_BAND18_19_20_21_26_BW_SC.csv
PORT2-WCDMA-B20-DC, qet5100_v1p0_TECH_TX_ENABLE_PORT2_WCDMA_BAND18_19_20_21_26_BW_DC.csv
PORT2-WCDMA-B20-SC, qet5100_v1p0_TECH_TX_ENABLE_PORT2_WCDMA_BAND18_19_20_21_26_BW_SC.csv
PORT2-WCDMA-B21-DC, qet5100_v1p0_TECH_TX_ENABLE_PORT2_WCDMA_BAND18_19_20_21_26_BW_DC.csv
PORT2-WCDMA-B21-SC, qet5100_v1p0_TECH_TX_ENABLE_PORT2_WCDMA_BAND18_19_20_21_26_BW_SC.csv
PORT2-WCDMA-B26-DC, qet5100_v1p0_TECH_TX_ENABLE_PORT2_WCDMA_BAND18_19_20_21_26_BW_DC.csv
PORT2-WCDMA-B26-SC, qet5100_v1p0_TECH_TX_ENABLE_PORT2_WCDMA_BAND18_19_20_21_26_BW_SC.csv
PORT3-WCDMA-B11-DC, qet5100_v1p0_TECH_TX_ENABLE_PORT3_WCDMA_BAND5_8_11_12_13_14_17_BW_DC.csv
PORT3-WCDMA-B11-SC, qet5100_v1p0_TECH_TX_ENABLE_PORT3_WCDMA_BAND5_8_11_12_13_14_17_BW_SC.csv
PORT3-WCDMA-B12-DC, qet5100_v1p0_TECH_TX_ENABLE_PORT3_WCDMA_BAND5_8_11_12_13_14_17_BW_DC.csv
PORT3-WCDMA-B12-SC, qet5100_v1p0_TECH_TX_ENABLE_PORT3_WCDMA_BAND5_8_11_12_13_14_17_BW_SC.csv
PORT3-WCDMA-B13-DC, qet5100_v1p0_TECH_TX_ENABLE_PORT3_WCDMA_BAND5_8_11_12_13_14_17_BW_DC.csv
PORT3-WCDMA-B13-SC, qet5100_v1p0_TECH_TX_ENABLE_PORT3_WCDMA_BAND5_8_11_12_13_14_17_BW_SC.csv
PORT3-WCDMA-B14-DC, qet5100_v1p0_TECH_TX_ENABLE_PORT3_WCDMA_BAND5_8_11_12_13_14_17_BW_DC.csv
PORT3-WCDMA-B14-SC, qet5100_v1p0_TECH_TX_ENABLE_PORT3_WCDMA_BAND5_8_11_12_13_14_17_BW_SC.csv
PORT3-WCDMA-B17-DC, qet5100_v1p0_TECH_TX_ENABLE_PORT3_WCDMA_BAND5_8_11_12_13_14_17_BW_DC.csv
PORT3-WCDMA-B17-SC, qet5100_v1p0_TECH_TX_ENABLE_PORT3_WCDMA_BAND5_8_11_12_13_14_17_BW_SC.csv
PORT3-WCDMA-B5-DC, qet5100_v1p0_TECH_TX_ENABLE_PORT3_WCDMA_BAND5_8_11_12_13_14_17_BW_DC.csv
PORT3-WCDMA-B5-SC, qet5100_v1p0_TECH_TX_ENABLE_PORT3_WCDMA_BAND5_8_11_12_13_14_17_BW_SC.csv
PORT3-WCDMA-B8-DC, qet5100_v1p0_TECH_TX_ENABLE_PORT3_WCDMA_BAND5_8_11_12_13_14_17_BW_DC.csv
PORT3-WCDMA-B8-SC, qet5100_v1p0_TECH_TX_ENABLE_PORT3_WCDMA_BAND5_8_11_12_13_14_17_BW_SC.csv
PORT4-CDMA-BC15-1X, qet5100_v1p0_TECH_TX_ENABLE_PORT4_CDMA_BAND6_15_BW_1X.csv
PORT4-CDMA-BC15-3X, qet5100_v1p0_TECH_TX_ENABLE_PORT4_CDMA_BAND6_15_BW_3X.csv
PORT4-CDMA-BC15-5X, qet5100_v1p0_TECH_TX_ENABLE_PORT4_CDMA_BAND6_15_BW_5X.csv
PORT4-CDMA-BC15-7X, qet5100_v1p0_TECH_TX_ENABLE_PORT4_CDMA_BAND6_15_BW_7X.csv
PORT4-CDMA-BC6-1X, qet5100_v1p0_TECH_TX_ENABLE_PORT4_CDMA_BAND6_15_BW_1X.csv
PORT4-CDMA-BC6-3X, qet5100_v1p0_TECH_TX_ENABLE_PORT4_CDMA_BAND6_15_BW_3X.csv
PORT4-CDMA-BC6-5X, qet5100_v1p0_TECH_TX_ENABLE_PORT4_CDMA_BAND6_15_BW_5X.csv
PORT4-CDMA-BC6-7X, qet5100_v1p0_TECH_TX_ENABLE_PORT4_CDMA_BAND6_15_BW_7X.csv
PORT5-CDMA-BC1-1X, qet5100_v1p0_TECH_TX_ENABLE_PORT5_CDMA_BAND1_4_14_BW_1X.csv
PORT5-CDMA-BC1-3X, qet5100_v1p0_TECH_TX_ENABLE_PORT5_CDMA_BAND1_4_14_BW_3X.csv
PORT5-CDMA-BC1-5X, qet5100_v1p0_TECH_TX_ENABLE_PORT5_CDMA_BAND1_4_14_BW_5X.csv
PORT5-CDMA-BC1-7X, qet5100_v1p0_TECH_TX_ENABLE_PORT5_CDMA_BAND1_4_14_BW_7X.csv
PORT5-CDMA-BC14-1X, qet5100_v1p0_TECH_TX_ENABLE_PORT5_CDMA_BAND1_4_14_BW_1X.csv
PORT5-CDMA-BC14-3X, qet5100_v1p0_TECH_TX_ENABLE_PORT5_CDMA_BAND1_4_14_BW_3X.csv
PORT5-CDMA-BC14-5X, qet5100_v1p0_TECH_TX_ENABLE_PORT5_CDMA_BAND1_4_14_BW_5X.csv
PORT5-CDMA-BC14-7X, qet5100_v1p0_TECH_TX_ENABLE_PORT5_CDMA_BAND1_4_14_BW_7X.csv
PORT5-CDMA-BC4-1X, qet5100_v1p0_TECH_TX_ENABLE_PORT5_CDMA_BAND1_4_14_BW_1X.csv
PORT5-CDMA-BC4-3X, qet5100_v1p0_TECH_TX_ENABLE_PORT5_CDMA_BAND1_4_14_BW_3X.csv
PORT5-CDMA-BC4-5X, qet5100_v1p0_TECH_TX_ENABLE_PORT5_CDMA_BAND1_4_14_BW_5X.csv
PORT5-CDMA-BC4-7X, qet5100_v1p0_TECH_TX_ENABLE_PORT5_CDMA_BAND1_4_14_BW_7X.csv
PORT6-CDMA-BC0-1X, qet5100_v1p0_TECH_TX_ENABLE_PORT6_CDMA_BAND0_10_BW_1X.csv
PORT6-CDMA-BC0-3X, qet5100_v1p0_TECH_TX_ENABLE_PORT6_CDMA_BAND0_10_BW_3X.csv
PORT6-CDMA-BC0-5X, qet5100_v1p0_TECH_TX_ENABLE_PORT6_CDMA_BAND0_10_BW_5X.csv
PORT6-CDMA-BC0-7X, qet5100_v1p0_TECH_TX_ENABLE_PORT6_CDMA_BAND0_10_BW_7X.csv
PORT6-CDMA-BC10-1X, qet5100_v1p0_TECH_TX_ENABLE_PORT6_CDMA_BAND0_10_BW_1X.csv
PORT6-CDMA-BC10-3X, qet5100_v1p0_TECH_TX_ENABLE_PORT6_CDMA_BAND0_10_BW_3X.csv
PORT6-CDMA-BC10-5X, qet5100_v1p0_TECH_TX_ENABLE_PORT6_CDMA_BAND0_10_BW_5X.csv
PORT6-CDMA-BC10-7X, qet5100_v1p0_TECH_TX_ENABLE_PORT6_CDMA_BAND0_10_BW_7X.csv
PORT7-GSM-DCS-1P4M, qet5100_v1p0_TECH_TX_ENABLE_PORT7_GSM_3RDPA.csv
PORT7-GSM-EGSM-1P4M, qet5100_v1p0_TECH_TX_ENABLE_PORT7_GSM_3RDPA.csv
PORT7-GSM-GSM-1P4M, qet5100_v1p0_TECH_TX_ENABLE_PORT7_GSM_3RDPA.csv
PORT7-GSM-PCS-1P4M, qet5100_v1p0_TECH_TX_ENABLE_PORT7_GSM_3RDPA.csv
PORT8-GSM-DCS-1P4M, qet5100_v1p0_TECH_TX_ENABLE_PORT8_GSM_QPA.csv
PORT8-GSM-EGSM-1P4M, qet5100_v1p0_TECH_TX_ENABLE_PORT8_GSM_QPA.csv
PORT8-GSM-GSM-1P4M, qet5100_v1p0_TECH_TX_ENABLE_PORT8_GSM_QPA.csv
PORT8-GSM-PCS-1P4M, qet5100_v1p0_TECH_TX_ENABLE_PORT8_GSM_QPA.csv
PORT9-LTE-B1-10M, qet5100_v1p0_TECH_TX_ENABLE_PORT9_LTEFDD_BAND1_4_10_66_BW_10MHZ.csv
PORT9-LTE-B1-15M, qet5100_v1p0_TECH_TX_ENABLE_PORT9_LTEFDD_BAND1_4_10_66_BW_15MHZ.csv
PORT9-LTE-B1-20M, qet5100_v1p0_TECH_TX_ENABLE_PORT9_LTEFDD_BAND1_4_10_66_BW_20MHZ.csv
PORT9-LTE-B1-40M, qet5100_v1p0_TECH_TX_ENABLE_PORT9_LTEFDD_BAND1_4_10_66_BW_40MHZ.csv
PORT9-LTE-B1-5M, qet5100_v1p0_TECH_TX_ENABLE_PORT9_LTEFDD_BAND1_4_10_66_BW_5MHZ.csv
PORT9-LTE-B1-60M, qet5100_v1p0_TECH_TX_ENABLE_PORT9_LTEFDD_BAND1_4_10_66_BW_60MHZ.csv
PORT9-LTE-B10-10M, qet5100_v1p0_TECH_TX_ENABLE_PORT9_LTEFDD_BAND1_4_10_66_BW_10MHZ.csv
PORT9-LTE-B10-15M, qet5100_v1p0_TECH_TX_ENABLE_PORT9_LTEFDD_BAND1_4_10_66_BW_15MHZ.csv
PORT9-LTE-B10-20M, qet5100_v1p0_TECH_TX_ENABLE_PORT9_LTEFDD_BAND1_4_10_66_BW_20MHZ.csv
PORT9-LTE-B10-40M, qet5100_v1p0_TECH_TX_ENABLE_PORT9_LTEFDD_BAND1_4_10_66_BW_40MHZ.csv
PORT9-LTE-B10-5M, qet5100_v1p0_TECH_TX_ENABLE_PORT9_LTEFDD_BAND1_4_10_66_BW_5MHZ.csv
PORT9-LTE-B10-60M, qet5100_v1p0_TECH_TX_ENABLE_PORT9_LTEFDD_BAND1_4_10_66_BW_60MHZ.csv
PORT9-LTE-B33-10M, qet5100_v1p0_TECH_TX_ENABLE_PORT9_LTETDD_BW_10MHZ.csv
PORT9-LTE-B33-15M, qet5100_v1p0_TECH_TX_ENABLE_PORT9_LTETDD_BW_15MHZ.csv
PORT9-LTE-B33-20M, qet5100_v1p0_TECH_TX_ENABLE_PORT9_LTETDD_BW_20MHZ.csv
PORT9-LTE-B33-40M, qet5100_v1p0_TECH_TX_ENABLE_PORT9_LTETDD_BW_40MHZ.csv
PORT9-LTE-B33-5M, qet5100_v1p0_TECH_TX_ENABLE_PORT9_LTETDD_BW_5MHZ.csv
PORT9-LTE-B33-60M, qet5100_v1p0_TECH_TX_ENABLE_PORT9_LTETDD_BW_60MHZ.csv
PORT9-LTE-B34-10M, qet5100_v1p0_TECH_TX_ENABLE_PORT9_LTETDD_BW_10MHZ.csv
PORT9-LTE-B34-15M, qet5100_v1p0_TECH_TX_ENABLE_PORT9_LTETDD_BW_15MHZ.csv
PORT9-LTE-B34-20M, qet5100_v1p0_TECH_TX_ENABLE_PORT9_LTETDD_BW_20MHZ.csv
PORT9-LTE-B34-40M, qet5100_v1p0_TECH_TX_ENABLE_PORT9_LTETDD_BW_40MHZ.csv
PORT9-LTE-B34-5M, qet5100_v1p0_TECH_TX_ENABLE_PORT9_LTETDD_BW_5MHZ.csv
PORT9-LTE-B34-60M, qet5100_v1p0_TECH_TX_ENABLE_PORT9_LTETDD_BW_60MHZ.csv
PORT9-LTE-B35-10M, qet5100_v1p0_TECH_TX_ENABLE_PORT9_LTETDD_BW_10MHZ.csv
PORT9-LTE-B35-15M, qet5100_v1p0_TECH_TX_ENABLE_PORT9_LTETDD_BW_15MHZ.csv
PORT9-LTE-B35-20M, qet5100_v1p0_TECH_TX_ENABLE_PORT9_LTETDD_BW_20MHZ.csv
PORT9-LTE-B35-40M, qet5100_v1p0_TECH_TX_ENABLE_PORT9_LTETDD_BW_40MHZ.csv
PORT9-LTE-B35-5M, qet5100_v1p0_TECH_TX_ENABLE_PORT9_LTETDD_BW_5MHZ.csv
PORT9-LTE-B35-60M, qet5100_v1p0_TECH_TX_ENABLE_PORT9_LTETDD_BW_60MHZ.csv
PORT9-LTE-B36-10M, qet5100_v1p0_TECH_TX_ENABLE_PORT9_LTETDD_BW_10MHZ.csv
PORT9-LTE-B36-15M, qet5100_v1p0_TECH_TX_ENABLE_PORT9_LTETDD_BW_15MHZ.csv
PORT9-LTE-B36-20M, qet5100_v1p0_TECH_TX_ENABLE_PORT9_LTETDD_BW_20MHZ.csv
PORT9-LTE-B36-40M, qet5100_v1p0_TECH_TX_ENABLE_PORT9_LTETDD_BW_40MHZ.csv
PORT9-LTE-B36-5M, qet5100_v1p0_TECH_TX_ENABLE_PORT9_LTETDD_BW_5MHZ.csv
PORT9-LTE-B36-60M, qet5100_v1p0_TECH_TX_ENABLE_PORT9_LTETDD_BW_60MHZ.csv
PORT9-LTE-B37-10M, qet5100_v1p0_TECH_TX_ENABLE_PORT9_LTETDD_BW_10MHZ.csv
PORT9-LTE-B37-15M, qet5100_v1p0_TECH_TX_ENABLE_PORT9_LTETDD_BW_15MHZ.csv
PORT9-LTE-B37-20M, qet5100_v1p0_TECH_TX_ENABLE_PORT9_LTETDD_BW_20MHZ.csv
PORT9-LTE-B37-40M, qet5100_v1p0_TECH_TX_ENABLE_PORT9_LTETDD_BW_40MHZ.csv
PORT9-LTE-B37-5M, qet5100_v1p0_TECH_TX_ENABLE_PORT9_LTETDD_BW_5MHZ.csv
PORT9-LTE-B37-60M, qet5100_v1p0_TECH_TX_ENABLE_PORT9_LTETDD_BW_60MHZ.csv
PORT9-LTE-B38-10M, qet5100_v1p0_TECH_TX_ENABLE_PORT9_LTETDD_BW_10MHZ.csv
PORT9-LTE-B38-15M, qet5100_v1p0_TECH_TX_ENABLE_PORT9_LTETDD_BW_15MHZ.csv
PORT9-LTE-B38-20M, qet5100_v1p0_TECH_TX_ENABLE_PORT9_LTETDD_BW_20MHZ.csv
PORT9-LTE-B38-40M, qet5100_v1p0_TECH_TX_ENABLE_PORT9_LTETDD_BW_40MHZ.csv
PORT9-LTE-B38-5M, qet5100_v1p0_TECH_TX_ENABLE_PORT9_LTETDD_BW_5MHZ.csv
PORT9-LTE-B38-60M, qet5100_v1p0_TECH_TX_ENABLE_PORT9_LTETDD_BW_60MHZ.csv
PORT9-LTE-B39-10M, qet5100_v1p0_TECH_TX_ENABLE_PORT9_LTETDD_BW_10MHZ.csv
PORT9-LTE-B39-15M, qet5100_v1p0_TECH_TX_ENABLE_PORT9_LTETDD_BW_15MHZ.csv
PORT9-LTE-B39-20M, qet5100_v1p0_TECH_TX_ENABLE_PORT9_LTETDD_BW_20MHZ.csv
PORT9-LTE-B39-40M, qet5100_v1p0_TECH_TX_ENABLE_PORT9_LTETDD_BW_40MHZ.csv
PORT9-LTE-B39-5M, qet5100_v1p0_TECH_TX_ENABLE_PORT9_LTETDD_BW_5MHZ.csv
PORT9-LTE-B39-60M, qet5100_v1p0_TECH_TX_ENABLE_PORT9_LTETDD_BW_60MHZ.csv
PORT9-LTE-B4-10M, qet5100_v1p0_TECH_TX_ENABLE_PORT9_LTEFDD_BAND1_4_10_66_BW_10MHZ.csv
PORT9-LTE-B4-15M, qet5100_v1p0_TECH_TX_ENABLE_PORT9_LTEFDD_BAND1_4_10_66_BW_15MHZ.csv
PORT9-LTE-B4-20M, qet5100_v1p0_TECH_TX_ENABLE_PORT9_LTEFDD_BAND1_4_10_66_BW_20MHZ.csv
PORT9-LTE-B4-40M, qet5100_v1p0_TECH_TX_ENABLE_PORT9_LTEFDD_BAND1_4_10_66_BW_40MHZ.csv
PORT9-LTE-B4-5M, qet5100_v1p0_TECH_TX_ENABLE_PORT9_LTEFDD_BAND1_4_10_66_BW_5MHZ.csv
PORT9-LTE-B4-60M, qet5100_v1p0_TECH_TX_ENABLE_PORT9_LTEFDD_BAND1_4_10_66_BW_60MHZ.csv
PORT9-LTE-B40-10M, qet5100_v1p0_TECH_TX_ENABLE_PORT9_LTETDD_BW_10MHZ.csv
PORT9-LTE-B40-15M, qet5100_v1p0_TECH_TX_ENABLE_PORT9_LTETDD_BW_15MHZ.csv
PORT9-LTE-B40-20M, qet5100_v1p0_TECH_TX_ENABLE_PORT9_LTETDD_BW_20MHZ.csv
PORT9-LTE-B40-40M, qet5100_v1p0_TECH_TX_ENABLE_PORT9_LTETDD_BW_40MHZ.csv
PORT9-LTE-B40-5M, qet5100_v1p0_TECH_TX_ENABLE_PORT9_LTETDD_BW_5MHZ.csv
PORT9-LTE-B40-60M, qet5100_v1p0_TECH_TX_ENABLE_PORT9_LTETDD_BW_60MHZ.csv
PORT9-LTE-B41-10M, qet5100_v1p0_TECH_TX_ENABLE_PORT9_LTETDD_BW_10MHZ.csv
PORT9-LTE-B41-15M, qet5100_v1p0_TECH_TX_ENABLE_PORT9_LTETDD_BW_15MHZ.csv
PORT9-LTE-B41-20M, qet5100_v1p0_TECH_TX_ENABLE_PORT9_LTETDD_BW_20MHZ.csv
PORT9-LTE-B41-40M, qet5100_v1p0_TECH_TX_ENABLE_PORT9_LTETDD_BW_40MHZ.csv
PORT9-LTE-B41-5M, qet5100_v1p0_TECH_TX_ENABLE_PORT9_LTETDD_BW_5MHZ.csv
PORT9-LTE-B41-60M, qet5100_v1p0_TECH_TX_ENABLE_PORT9_LTETDD_BW_60MHZ.csv
PORT9-LTE-B42-10M, qet5100_v1p0_TECH_TX_ENABLE_PORT9_LTETDD_BW_10MHZ.csv
PORT9-LTE-B42-15M, qet5100_v1p0_TECH_TX_ENABLE_PORT9_LTETDD_BW_15MHZ.csv
PORT9-LTE-B42-20M, qet5100_v1p0_TECH_TX_ENABLE_PORT9_LTETDD_BW_20MHZ.csv
PORT9-LTE-B42-40M, qet5100_v1p0_TECH_TX_ENABLE_PORT9_LTETDD_BW_40MHZ.csv
PORT9-LTE-B42-5M, qet5100_v1p0_TECH_TX_ENABLE_PORT9_LTETDD_BW_5MHZ.csv
PORT9-LTE-B42-60M, qet5100_v1p0_TECH_TX_ENABLE_PORT9_LTETDD_BW_60MHZ.csv
PORT9-LTE-B43-10M, qet5100_v1p0_TECH_TX_ENABLE_PORT9_LTETDD_BW_10MHZ.csv
PORT9-LTE-B43-15M, qet5100_v1p0_TECH_TX_ENABLE_PORT9_LTETDD_BW_15MHZ.csv
PORT9-LTE-B43-20M, qet5100_v1p0_TECH_TX_ENABLE_PORT9_LTETDD_BW_20MHZ.csv
PORT9-LTE-B43-40M, qet5100_v1p0_TECH_TX_ENABLE_PORT9_LTETDD_BW_40MHZ.csv
PORT9-LTE-B43-5M, qet5100_v1p0_TECH_TX_ENABLE_PORT9_LTETDD_BW_5MHZ.csv
PORT9-LTE-B43-60M, qet5100_v1p0_TECH_TX_ENABLE_PORT9_LTETDD_BW_60MHZ.csv
PORT9-LTE-B44-10M, qet5100_v1p0_TECH_TX_ENABLE_PORT9_LTETDD_BW_10MHZ.csv
PORT9-LTE-B44-15M, qet5100_v1p0_TECH_TX_ENABLE_PORT9_LTETDD_BW_15MHZ.csv
PORT9-LTE-B44-20M, qet5100_v1p0_TECH_TX_ENABLE_PORT9_LTETDD_BW_20MHZ.csv
PORT9-LTE-B44-40M, qet5100_v1p0_TECH_TX_ENABLE_PORT9_LTETDD_BW_40MHZ.csv
PORT9-LTE-B44-5M, qet5100_v1p0_TECH_TX_ENABLE_PORT9_LTETDD_BW_5MHZ.csv
PORT9-LTE-B44-60M, qet5100_v1p0_TECH_TX_ENABLE_PORT9_LTETDD_BW_60MHZ.csv
PORT9-LTE-B45-10M, qet5100_v1p0_TECH_TX_ENABLE_PORT9_LTETDD_BW_10MHZ.csv
PORT9-LTE-B45-15M, qet5100_v1p0_TECH_TX_ENABLE_PORT9_LTETDD_BW_15MHZ.csv
PORT9-LTE-B45-20M, qet5100_v1p0_TECH_TX_ENABLE_PORT9_LTETDD_BW_20MHZ.csv
PORT9-LTE-B45-40M, qet5100_v1p0_TECH_TX_ENABLE_PORT9_LTETDD_BW_40MHZ.csv
PORT9-LTE-B45-5M, qet5100_v1p0_TECH_TX_ENABLE_PORT9_LTETDD_BW_5MHZ.csv
PORT9-LTE-B45-60M, qet5100_v1p0_TECH_TX_ENABLE_PORT9_LTETDD_BW_60MHZ.csv
PORT9-LTE-B46-10M, qet5100_v1p0_TECH_TX_ENABLE_PORT9_LTETDD_BW_10MHZ.csv
PORT9-LTE-B46-15M, qet5100_v1p0_TECH_TX_ENABLE_PORT9_LTETDD_BW_15MHZ.csv
PORT9-LTE-B46-20M, qet5100_v1p0_TECH_TX_ENABLE_PORT9_LTETDD_BW_20MHZ.csv
PORT9-LTE-B46-40M, qet5100_v1p0_TECH_TX_ENABLE_PORT9_LTETDD_BW_40MHZ.csv
PORT9-LTE-B46-5M, qet5100_v1p0_TECH_TX_ENABLE_PORT9_LTETDD_BW_5MHZ.csv
PORT9-LTE-B46-60M, qet5100_v1p0_TECH_TX_ENABLE_PORT9_LTETDD_BW_60MHZ.csv
PORT9-LTE-B47-10M, qet5100_v1p0_TECH_TX_ENABLE_PORT9_LTETDD_BW_10MHZ.csv
PORT9-LTE-B47-15M, qet5100_v1p0_TECH_TX_ENABLE_PORT9_LTETDD_BW_15MHZ.csv
PORT9-LTE-B47-20M, qet5100_v1p0_TECH_TX_ENABLE_PORT9_LTETDD_BW_20MHZ.csv
PORT9-LTE-B47-40M, qet5100_v1p0_TECH_TX_ENABLE_PORT9_LTETDD_BW_40MHZ.csv
PORT9-LTE-B47-5M, qet5100_v1p0_TECH_TX_ENABLE_PORT9_LTETDD_BW_5MHZ.csv
PORT9-LTE-B47-60M, qet5100_v1p0_TECH_TX_ENABLE_PORT9_LTETDD_BW_60MHZ.csv
PORT9-LTE-B48-10M, qet5100_v1p0_TECH_TX_ENABLE_PORT9_LTETDD_BW_10MHZ.csv
PORT9-LTE-B48-15M, qet5100_v1p0_TECH_TX_ENABLE_PORT9_LTETDD_BW_15MHZ.csv
PORT9-LTE-B48-20M, qet5100_v1p0_TECH_TX_ENABLE_PORT9_LTETDD_BW_20MHZ.csv
PORT9-LTE-B48-40M, qet5100_v1p0_TECH_TX_ENABLE_PORT9_LTETDD_BW_40MHZ.csv
PORT9-LTE-B48-5M, qet5100_v1p0_TECH_TX_ENABLE_PORT9_LTETDD_BW_5MHZ.csv
PORT9-LTE-B48-60M, qet5100_v1p0_TECH_TX_ENABLE_PORT9_LTETDD_BW_60MHZ.csv
PORT9-LTE-B66-10M, qet5100_v1p0_TECH_TX_ENABLE_PORT9_LTEFDD_BAND1_4_10_66_BW_10MHZ.csv
PORT9-LTE-B66-15M, qet5100_v1p0_TECH_TX_ENABLE_PORT9_LTEFDD_BAND1_4_10_66_BW_15MHZ.csv
PORT9-LTE-B66-20M, qet5100_v1p0_TECH_TX_ENABLE_PORT9_LTEFDD_BAND1_4_10_66_BW_20MHZ.csv
PORT9-LTE-B66-40M, qet5100_v1p0_TECH_TX_ENABLE_PORT9_LTEFDD_BAND1_4_10_66_BW_40MHZ.csv
PORT9-LTE-B66-5M, qet5100_v1p0_TECH_TX_ENABLE_PORT9_LTEFDD_BAND1_4_10_66_BW_5MHZ.csv
PORT9-LTE-B66-60M, qet5100_v1p0_TECH_TX_ENABLE_PORT9_LTEFDD_BAND1_4_10_66_BW_60MHZ.csv
